statistic,p_value
9.112426035502954,0.10466301607423784
