statistic,p_value
8.052325581395346,0.1533753418573253
