statistic,p_value
6.494252873563217,0.26104991625735424
