statistic,p_value
4.022988505747127,0.5461109383903542
