statistic,p_value
4.883040935672516,0.43032029375762604
