statistic,p_value
7.643678160919534,0.17699745900350217
