statistic,p_value
13.333333333333329,0.02044748194581528
