statistic,p_value
6.315789473684203,0.2766924029273095
