statistic,p_value
14.714285714285708,0.011655524770004939
