statistic,p_value
8.444444444444454,0.014666017116527033
