statistic,p_value
0.736842105263161,0.6918258252705161
