statistic,p_value
2.8000000000000043,0.24659696394160596
