statistic,p_value
2.2105263157894752,0.33112373295101094
