statistic,p_value
4.526315789473681,0.10402147666803775
