statistic,p_value
1.2000000000000028,0.5488116360940257
