statistic,p_value
1.6000000000000014,0.44932896411722134
