statistic,p_value
1.3684210526315834,0.50448835267872
