statistic,p_value
5.200000000000003,0.0742735782143338
