statistic,p_value
4.799999999999997,0.09071795328941264
