statistic,p_value
0.10526315789473835,0.9487294800164364
