,1year,3year,5year
1year,1.0,0.9863120493298859,0.8022411255720053
3year,0.9863120493298859,1.0,0.7088375079758975
5year,0.8022411255720053,0.7088375079758975,1.0
