,1year,3year,5year
1year,1.0,0.6094107155483861,0.6094107155483861
3year,0.6094107155483861,1.0,0.13940464288897025
5year,0.6094107155483861,0.13940464288897025,1.0
