,1year,3year,5year
1year,1.0,0.802241125572005,0.9463703911658415
3year,0.802241125572005,1.0,0.9463703911658418
5year,0.9463703911658415,0.9463703911658418,1.0
