,1year,3year,5year
1year,1.0,0.9863120493298858,0.9863120493298858
3year,0.9863120493298858,1.0,0.9463703911658415
5year,0.9863120493298858,0.9463703911658415,1.0
