,1year,3year,5year
1year,1.0,0.6094107155483861,0.3289712590583227
3year,0.6094107155483861,1.0,0.8833885151379529
5year,0.3289712590583227,0.8833885151379529,1.0
