,1year,3year,5year
1year,1.0,0.2537844874823233,0.06888689651544055
3year,0.2537844874823233,1.0,0.8022411255720053
5year,0.06888689651544055,0.8022411255720053,1.0
