,1year,3year,5year
1year,1.0,0.2537844874823233,0.41511350035253536
3year,0.2537844874823233,1.0,0.9463703911658419
5year,0.41511350035253536,0.9463703911658419,1.0
