,1year,3year,5year
1year,1.0,0.13940464288897036,0.13940464288897036
3year,0.13940464288897036,1.0,1.0
5year,0.13940464288897036,1.0,1.0
