,1year,3year,5year
1year,1.0,0.41511350035253536,0.09929240181999432
3year,0.41511350035253536,1.0,0.7088375079758973
5year,0.09929240181999432,0.7088375079758973,1.0
