,1year,3year,5year
1year,1.0,0.9463703911658415,0.03066274979424022
3year,0.9463703911658415,1.0,0.06888689651544055
5year,0.03066274979424022,0.06888689651544055,1.0
