,1year,3year,5year
1year,1.0,0.6094107155483864,1.0
3year,0.6094107155483864,1.0,0.6094107155483864
5year,1.0,0.6094107155483864,1.0
