,1year,3year,5year
1year,1.0,0.7088375079758973,0.5098410709346721
3year,0.7088375079758973,1.0,0.9463703911658419
5year,0.5098410709346721,0.9463703911658419,1.0
