,1year,3year,5year
1year,1.0,0.6094107155483861,0.6094107155483861
3year,0.6094107155483861,1.0,1.0
5year,0.6094107155483861,1.0,1.0
