,1year,3year,5year
1year,1.0,0.8022411255720053,0.415113500352536
3year,0.8022411255720053,1.0,0.8022411255720053
5year,0.415113500352536,0.8022411255720053,1.0
