,1year,3year,5year
1year,1.0,0.06888689651544055,0.802241125572005
3year,0.06888689651544055,1.0,0.2537844874823234
5year,0.802241125572005,0.2537844874823234,1.0
