statistic,p_value
0.7777777777777809,0.6778095780054493
