statistic,p_value
7.6000000000000085,0.0223707718561655
