statistic,p_value
3.1111111111111156,0.2110720877910897
