statistic,p_value
7.41176470588235,0.024578520866883703
