statistic,p_value
5.1578947368421115,0.07585380812713433
