statistic,p_value
3.6000000000000014,0.16529888822158642
