statistic,p_value
8.315789473684218,0.01564045054832703
