statistic,p_value
4.352941176470591,0.11344120564253217
