statistic,p_value
6.0000000000000036,0.04978706836786384
