statistic,p_value
4.105263157894743,0.1283965728929484
