statistic,p_value
0.4000000000000057,0.8187307530779795
