statistic,p_value
5.33333333333333,0.06948345122280168
