statistic,p_value
7.444444444444447,0.02418017437647035
