,data_1,data_2,data_3
data_1,1.0,0.03066274979424022,0.06888689651544055
data_2,0.03066274979424022,1.0,0.9463703911658415
data_3,0.06888689651544055,0.9463703911658415,1.0
