,data_1,data_2,data_3
data_1,1.0,0.046559778493207804,0.13940464288897048
data_2,0.046559778493207804,1.0,0.8833885151379526
data_3,0.13940464288897048,0.8833885151379526,1.0
