,data_1,data_2,data_3
data_1,1.0,0.13940464288897025,0.6094107155483861
data_2,0.13940464288897025,1.0,0.6094107155483861
data_3,0.6094107155483861,0.6094107155483861,1.0
