,data_1,data_2,data_3
data_1,1.0,0.2537844874823234,0.19061177159540377
data_2,0.2537844874823234,1.0,0.9863120493298858
data_3,0.19061177159540377,0.9863120493298858,1.0
