,data_1,data_2,data_3
data_1,1.0,0.13940464288897048,1.0
data_2,0.13940464288897048,1.0,0.13940464288897048
data_3,1.0,0.13940464288897048,1.0
