,data_1,data_2,data_3
data_1,1.0,0.8022411255720053,0.7088375079758975
data_2,0.8022411255720053,1.0,0.9863120493298859
data_3,0.7088375079758975,0.9863120493298859,1.0
