,data_1,data_2,data_3
data_1,1.0,0.802241125572005,0.9463703911658415
data_2,0.802241125572005,1.0,0.9463703911658418
data_3,0.9463703911658415,0.9463703911658418,1.0
