,data_1,data_2,data_3
data_1,1.0,0.2537844874823233,0.41511350035253536
data_2,0.2537844874823233,1.0,0.9463703911658419
data_3,0.41511350035253536,0.9463703911658419,1.0
