,data_1,data_2,data_3
data_1,1.0,0.03066274979424022,0.7088375079758973
data_2,0.03066274979424022,1.0,0.19061177159540377
data_3,0.7088375079758973,0.19061177159540377,1.0
