,data_1,data_2,data_3
data_1,1.0,0.3289712590583226,0.13940464288897036
data_2,0.3289712590583226,1.0,0.8833885151379529
data_3,0.13940464288897036,0.8833885151379529,1.0
