,data_1,data_2,data_3
data_1,1.0,0.19061177159540377,0.09929240181999432
data_2,0.19061177159540377,1.0,0.9463703911658415
data_3,0.09929240181999432,0.9463703911658415,1.0
