,data_1,data_2,data_3
data_1,1.0,0.046559778493208026,0.6094107155483864
data_2,0.046559778493208026,1.0,0.3289712590583227
data_3,0.6094107155483864,0.3289712590583227,1.0
