,data_1,data_2,data_3
data_1,1.0,0.09929240181999455,0.019679264598790436
data_2,0.09929240181999455,1.0,0.8022411255720049
data_3,0.019679264598790436,0.8022411255720049,1.0
